<mxfile host="app.diagrams.net" modified="2023-06-05T09:07:37.121Z" agent="Mozilla/5.0 (Windows NT 10.0; Win64; x64) AppleWebKit/537.36 (KHTML, like Gecko) Chrome/113.0.0.0 Safari/537.36" etag="1U4P9zJjQBdaRFqMVV9e" version="21.3.6" type="device">
  <diagram name="Page-1" id="Y9rIGBoUz7_JHOV5q7bZ">
    <mxGraphModel dx="1313" dy="686" grid="1" gridSize="10" guides="1" tooltips="1" connect="1" arrows="1" fold="1" page="1" pageScale="1" pageWidth="850" pageHeight="1100" math="0" shadow="0">
      <root>
        <mxCell id="0" />
        <mxCell id="1" parent="0" />
        <mxCell id="epPDwFG2d8DIL-28xFb8-23" value="Trainer" style="swimlane;fontStyle=1;align=center;verticalAlign=top;childLayout=stackLayout;horizontal=1;startSize=26;horizontalStack=0;resizeParent=1;resizeParentMax=0;resizeLast=0;collapsible=1;marginBottom=0;whiteSpace=wrap;html=1;" parent="1" vertex="1">
          <mxGeometry x="343.5" y="50" width="260" height="150" as="geometry" />
        </mxCell>
        <mxCell id="epPDwFG2d8DIL-28xFb8-24" value="- _trainer_name : string;&lt;br&gt;- trainer_belt: List&amp;lt;PokeBall&amp;gt;&amp;nbsp;&lt;br&gt;+ &amp;lt;&amp;lt;property&amp;gt;&amp;gt; TrainerName string" style="text;strokeColor=none;fillColor=none;align=left;verticalAlign=top;spacingLeft=4;spacingRight=4;overflow=hidden;rotatable=0;points=[[0,0.5],[1,0.5]];portConstraint=eastwest;whiteSpace=wrap;html=1;" parent="epPDwFG2d8DIL-28xFb8-23" vertex="1">
          <mxGeometry y="26" width="260" height="54" as="geometry" />
        </mxCell>
        <mxCell id="epPDwFG2d8DIL-28xFb8-25" value="" style="line;strokeWidth=1;fillColor=none;align=left;verticalAlign=middle;spacingTop=-1;spacingLeft=3;spacingRight=3;rotatable=0;labelPosition=right;points=[];portConstraint=eastwest;strokeColor=inherit;" parent="epPDwFG2d8DIL-28xFb8-23" vertex="1">
          <mxGeometry y="80" width="260" height="8" as="geometry" />
        </mxCell>
        <mxCell id="epPDwFG2d8DIL-28xFb8-26" value="+ add_poke_ball(PokeBall name): string&lt;br&gt;+ throw_ball(int pos): void&lt;br&gt;+ del_pok(int pos): void" style="text;strokeColor=none;fillColor=none;align=left;verticalAlign=top;spacingLeft=4;spacingRight=4;overflow=hidden;rotatable=0;points=[[0,0.5],[1,0.5]];portConstraint=eastwest;whiteSpace=wrap;html=1;" parent="epPDwFG2d8DIL-28xFb8-23" vertex="1">
          <mxGeometry y="88" width="260" height="62" as="geometry" />
        </mxCell>
        <mxCell id="oWqvrSFfo0qbm33r79sm-7" value="PokeBall" style="swimlane;fontStyle=1;align=center;verticalAlign=top;childLayout=stackLayout;horizontal=1;startSize=26;horizontalStack=0;resizeParent=1;resizeParentMax=0;resizeLast=0;collapsible=1;marginBottom=0;whiteSpace=wrap;html=1;" parent="1" vertex="1">
          <mxGeometry x="338.5" y="225" width="265" height="110" as="geometry" />
        </mxCell>
        <mxCell id="oWqvrSFfo0qbm33r79sm-8" value="- _name Charmander?&lt;br&gt;+ &amp;lt;&amp;lt;property&amp;gt;&amp;gt; PokemoneName&amp;nbsp; Charmander" style="text;strokeColor=none;fillColor=none;align=left;verticalAlign=top;spacingLeft=4;spacingRight=4;overflow=hidden;rotatable=0;points=[[0,0.5],[1,0.5]];portConstraint=eastwest;whiteSpace=wrap;html=1;" parent="oWqvrSFfo0qbm33r79sm-7" vertex="1">
          <mxGeometry y="26" width="265" height="44" as="geometry" />
        </mxCell>
        <mxCell id="oWqvrSFfo0qbm33r79sm-9" value="" style="line;strokeWidth=1;fillColor=none;align=left;verticalAlign=middle;spacingTop=-1;spacingLeft=3;spacingRight=3;rotatable=0;labelPosition=right;points=[];portConstraint=eastwest;strokeColor=inherit;" parent="oWqvrSFfo0qbm33r79sm-7" vertex="1">
          <mxGeometry y="70" width="265" height="8" as="geometry" />
        </mxCell>
        <mxCell id="oWqvrSFfo0qbm33r79sm-10" value="+ Charmander open_ball() : void" style="text;strokeColor=none;fillColor=none;align=left;verticalAlign=top;spacingLeft=4;spacingRight=4;overflow=hidden;rotatable=0;points=[[0,0.5],[1,0.5]];portConstraint=eastwest;whiteSpace=wrap;html=1;" parent="oWqvrSFfo0qbm33r79sm-7" vertex="1">
          <mxGeometry y="78" width="265" height="32" as="geometry" />
        </mxCell>
        <mxCell id="oWqvrSFfo0qbm33r79sm-11" value="&amp;lt;&amp;lt;abstract&amp;gt;&amp;gt;Pokemon" style="swimlane;fontStyle=1;align=center;verticalAlign=top;childLayout=stackLayout;horizontal=1;startSize=26;horizontalStack=0;resizeParent=1;resizeParentMax=0;resizeLast=0;collapsible=1;marginBottom=0;whiteSpace=wrap;html=1;" parent="1" vertex="1">
          <mxGeometry x="338.5" y="380" width="265" height="130" as="geometry" />
        </mxCell>
        <mxCell id="oWqvrSFfo0qbm33r79sm-12" value="+ string : name&lt;br&gt;+ string : strength&lt;br&gt;+ string : weakness&lt;br&gt;+ string : type" style="text;strokeColor=none;fillColor=none;align=left;verticalAlign=top;spacingLeft=4;spacingRight=4;overflow=hidden;rotatable=0;points=[[0,0.5],[1,0.5]];portConstraint=eastwest;whiteSpace=wrap;html=1;" parent="oWqvrSFfo0qbm33r79sm-11" vertex="1">
          <mxGeometry y="26" width="265" height="64" as="geometry" />
        </mxCell>
        <mxCell id="oWqvrSFfo0qbm33r79sm-13" value="" style="line;strokeWidth=1;fillColor=none;align=left;verticalAlign=middle;spacingTop=-1;spacingLeft=3;spacingRight=3;rotatable=0;labelPosition=right;points=[];portConstraint=eastwest;strokeColor=inherit;" parent="oWqvrSFfo0qbm33r79sm-11" vertex="1">
          <mxGeometry y="90" width="265" height="8" as="geometry" />
        </mxCell>
        <mxCell id="oWqvrSFfo0qbm33r79sm-14" value="+ &amp;lt;&amp;lt;abstract&amp;gt;&amp;gt;battle_cry() : void" style="text;strokeColor=none;fillColor=none;align=left;verticalAlign=top;spacingLeft=4;spacingRight=4;overflow=hidden;rotatable=0;points=[[0,0.5],[1,0.5]];portConstraint=eastwest;whiteSpace=wrap;html=1;" parent="oWqvrSFfo0qbm33r79sm-11" vertex="1">
          <mxGeometry y="98" width="265" height="32" as="geometry" />
        </mxCell>
        <mxCell id="oWqvrSFfo0qbm33r79sm-15" value="" style="endArrow=classic;html=1;rounded=0;entryX=0.496;entryY=-0.006;entryDx=0;entryDy=0;entryPerimeter=0;exitX=0.487;exitY=1.004;exitDx=0;exitDy=0;exitPerimeter=0;" parent="1" source="epPDwFG2d8DIL-28xFb8-26" target="oWqvrSFfo0qbm33r79sm-7" edge="1">
          <mxGeometry width="50" height="50" relative="1" as="geometry">
            <mxPoint x="477.5" y="200" as="sourcePoint" />
            <mxPoint x="528.5" y="150" as="targetPoint" />
          </mxGeometry>
        </mxCell>
        <mxCell id="JsTc6KKysYC90Tb6fXOD-1" value="Squirtle" style="swimlane;fontStyle=1;align=center;verticalAlign=top;childLayout=stackLayout;horizontal=1;startSize=26;horizontalStack=0;resizeParent=1;resizeParentMax=0;resizeLast=0;collapsible=1;marginBottom=0;whiteSpace=wrap;html=1;" parent="1" vertex="1">
          <mxGeometry x="342" y="560" width="265" height="66" as="geometry" />
        </mxCell>
        <mxCell id="JsTc6KKysYC90Tb6fXOD-3" value="" style="line;strokeWidth=1;fillColor=none;align=left;verticalAlign=middle;spacingTop=-1;spacingLeft=3;spacingRight=3;rotatable=0;labelPosition=right;points=[];portConstraint=eastwest;strokeColor=inherit;" parent="JsTc6KKysYC90Tb6fXOD-1" vertex="1">
          <mxGeometry y="26" width="265" height="8" as="geometry" />
        </mxCell>
        <mxCell id="JsTc6KKysYC90Tb6fXOD-4" value="+ battle_cry() : void" style="text;strokeColor=none;fillColor=none;align=left;verticalAlign=top;spacingLeft=4;spacingRight=4;overflow=hidden;rotatable=0;points=[[0,0.5],[1,0.5]];portConstraint=eastwest;whiteSpace=wrap;html=1;" parent="JsTc6KKysYC90Tb6fXOD-1" vertex="1">
          <mxGeometry y="34" width="265" height="32" as="geometry" />
        </mxCell>
        <mxCell id="JsTc6KKysYC90Tb6fXOD-5" value="Bulbasaur" style="swimlane;fontStyle=1;align=center;verticalAlign=top;childLayout=stackLayout;horizontal=1;startSize=26;horizontalStack=0;resizeParent=1;resizeParentMax=0;resizeLast=0;collapsible=1;marginBottom=0;whiteSpace=wrap;html=1;" parent="1" vertex="1">
          <mxGeometry x="50" y="560" width="265" height="66" as="geometry" />
        </mxCell>
        <mxCell id="JsTc6KKysYC90Tb6fXOD-7" value="" style="line;strokeWidth=1;fillColor=none;align=left;verticalAlign=middle;spacingTop=-1;spacingLeft=3;spacingRight=3;rotatable=0;labelPosition=right;points=[];portConstraint=eastwest;strokeColor=inherit;" parent="JsTc6KKysYC90Tb6fXOD-5" vertex="1">
          <mxGeometry y="26" width="265" height="8" as="geometry" />
        </mxCell>
        <mxCell id="JsTc6KKysYC90Tb6fXOD-8" value="+ battle_cry() : void" style="text;strokeColor=none;fillColor=none;align=left;verticalAlign=top;spacingLeft=4;spacingRight=4;overflow=hidden;rotatable=0;points=[[0,0.5],[1,0.5]];portConstraint=eastwest;whiteSpace=wrap;html=1;" parent="JsTc6KKysYC90Tb6fXOD-5" vertex="1">
          <mxGeometry y="34" width="265" height="32" as="geometry" />
        </mxCell>
        <mxCell id="JsTc6KKysYC90Tb6fXOD-9" value="Charmander" style="swimlane;fontStyle=1;align=center;verticalAlign=top;childLayout=stackLayout;horizontal=1;startSize=26;horizontalStack=0;resizeParent=1;resizeParentMax=0;resizeLast=0;collapsible=1;marginBottom=0;whiteSpace=wrap;html=1;" parent="1" vertex="1">
          <mxGeometry x="627" y="560" width="265" height="66" as="geometry" />
        </mxCell>
        <mxCell id="JsTc6KKysYC90Tb6fXOD-11" value="" style="line;strokeWidth=1;fillColor=none;align=left;verticalAlign=middle;spacingTop=-1;spacingLeft=3;spacingRight=3;rotatable=0;labelPosition=right;points=[];portConstraint=eastwest;strokeColor=inherit;" parent="JsTc6KKysYC90Tb6fXOD-9" vertex="1">
          <mxGeometry y="26" width="265" height="8" as="geometry" />
        </mxCell>
        <mxCell id="JsTc6KKysYC90Tb6fXOD-12" value="+ battle_cry() : void" style="text;strokeColor=none;fillColor=none;align=left;verticalAlign=top;spacingLeft=4;spacingRight=4;overflow=hidden;rotatable=0;points=[[0,0.5],[1,0.5]];portConstraint=eastwest;whiteSpace=wrap;html=1;" parent="JsTc6KKysYC90Tb6fXOD-9" vertex="1">
          <mxGeometry y="34" width="265" height="32" as="geometry" />
        </mxCell>
        <mxCell id="JsTc6KKysYC90Tb6fXOD-13" value="1" style="endArrow=open;html=1;endSize=12;startArrow=diamondThin;startSize=14;startFill=1;edgeStyle=orthogonalEdgeStyle;align=left;verticalAlign=bottom;rounded=0;entryX=0.5;entryY=0;entryDx=0;entryDy=0;exitX=0.5;exitY=0.982;exitDx=0;exitDy=0;exitPerimeter=0;" parent="1" source="oWqvrSFfo0qbm33r79sm-10" target="oWqvrSFfo0qbm33r79sm-11" edge="1">
          <mxGeometry x="-1" y="3" relative="1" as="geometry">
            <mxPoint x="453.5" y="340" as="sourcePoint" />
            <mxPoint x="553.5" y="520" as="targetPoint" />
          </mxGeometry>
        </mxCell>
        <mxCell id="JsTc6KKysYC90Tb6fXOD-15" value="" style="endArrow=block;dashed=1;endFill=0;endSize=12;html=1;rounded=0;entryX=0.5;entryY=0;entryDx=0;entryDy=0;" parent="1" target="JsTc6KKysYC90Tb6fXOD-1" edge="1">
          <mxGeometry width="160" relative="1" as="geometry">
            <mxPoint x="474.5" y="510" as="sourcePoint" />
            <mxPoint x="443.5" y="610" as="targetPoint" />
          </mxGeometry>
        </mxCell>
        <mxCell id="JsTc6KKysYC90Tb6fXOD-16" value="" style="endArrow=block;dashed=1;endFill=0;endSize=12;html=1;rounded=0;exitX=0.011;exitY=1.101;exitDx=0;exitDy=0;exitPerimeter=0;entryX=0.5;entryY=0;entryDx=0;entryDy=0;" parent="1" source="oWqvrSFfo0qbm33r79sm-14" target="JsTc6KKysYC90Tb6fXOD-5" edge="1">
          <mxGeometry width="160" relative="1" as="geometry">
            <mxPoint x="343.5" y="600" as="sourcePoint" />
            <mxPoint x="503.5" y="600" as="targetPoint" />
          </mxGeometry>
        </mxCell>
        <mxCell id="JsTc6KKysYC90Tb6fXOD-18" value="" style="endArrow=block;dashed=1;endFill=0;endSize=12;html=1;rounded=0;exitX=0.996;exitY=1.101;exitDx=0;exitDy=0;exitPerimeter=0;entryX=0.5;entryY=0;entryDx=0;entryDy=0;" parent="1" source="oWqvrSFfo0qbm33r79sm-14" target="JsTc6KKysYC90Tb6fXOD-9" edge="1">
          <mxGeometry width="160" relative="1" as="geometry">
            <mxPoint x="633.5" y="700" as="sourcePoint" />
            <mxPoint x="473.5" y="770" as="targetPoint" />
          </mxGeometry>
        </mxCell>
        <mxCell id="7DaxF8sJSHXXXkoitPvN-1" value="Arena" style="swimlane;fontStyle=1;align=center;verticalAlign=top;childLayout=stackLayout;horizontal=1;startSize=26;horizontalStack=0;resizeParent=1;resizeParentMax=0;resizeLast=0;collapsible=1;marginBottom=0;whiteSpace=wrap;html=1;" vertex="1" parent="1">
          <mxGeometry x="920" y="50" width="260" height="240" as="geometry" />
        </mxCell>
        <mxCell id="7DaxF8sJSHXXXkoitPvN-2" value="-fight : Battle;&lt;br&gt;-round : int;&lt;br&gt;-Score_Trainer1: int&lt;br&gt;- Score_Trainer2: int&lt;br&gt;&lt;br&gt;+ &amp;lt;&amp;lt;property&amp;gt;&amp;gt;Fight :Battle&lt;br&gt;+ &amp;lt;&amp;lt;property&amp;gt;&amp;gt; Rounds: int&amp;nbsp;&lt;br&gt;+ &amp;lt;&amp;lt;property&amp;gt;&amp;gt; Trainer1_score: int&amp;nbsp;&lt;br&gt;+ &amp;lt;&amp;lt;property&amp;gt;&amp;gt; Trainer2_score: int" style="text;strokeColor=none;fillColor=none;align=left;verticalAlign=top;spacingLeft=4;spacingRight=4;overflow=hidden;rotatable=0;points=[[0,0.5],[1,0.5]];portConstraint=eastwest;whiteSpace=wrap;html=1;" vertex="1" parent="7DaxF8sJSHXXXkoitPvN-1">
          <mxGeometry y="26" width="260" height="144" as="geometry" />
        </mxCell>
        <mxCell id="7DaxF8sJSHXXXkoitPvN-3" value="" style="line;strokeWidth=1;fillColor=none;align=left;verticalAlign=middle;spacingTop=-1;spacingLeft=3;spacingRight=3;rotatable=0;labelPosition=right;points=[];portConstraint=eastwest;strokeColor=inherit;" vertex="1" parent="7DaxF8sJSHXXXkoitPvN-1">
          <mxGeometry y="170" width="260" height="8" as="geometry" />
        </mxCell>
        <mxCell id="7DaxF8sJSHXXXkoitPvN-4" value="+ clash(Pkemon t1, Pokemon t2): Void;&lt;br&gt;+ getRounds(int rounds) : Void;&lt;br&gt;+ return_winner() : Void;" style="text;strokeColor=none;fillColor=none;align=left;verticalAlign=top;spacingLeft=4;spacingRight=4;overflow=hidden;rotatable=0;points=[[0,0.5],[1,0.5]];portConstraint=eastwest;whiteSpace=wrap;html=1;" vertex="1" parent="7DaxF8sJSHXXXkoitPvN-1">
          <mxGeometry y="178" width="260" height="62" as="geometry" />
        </mxCell>
        <mxCell id="7DaxF8sJSHXXXkoitPvN-8" value="Battle" style="swimlane;fontStyle=1;align=center;verticalAlign=top;childLayout=stackLayout;horizontal=1;startSize=26;horizontalStack=0;resizeParent=1;resizeParentMax=0;resizeLast=0;collapsible=1;marginBottom=0;whiteSpace=wrap;html=1;" vertex="1" parent="1">
          <mxGeometry x="1275" y="50" width="260" height="96" as="geometry" />
        </mxCell>
        <mxCell id="7DaxF8sJSHXXXkoitPvN-10" value="" style="line;strokeWidth=1;fillColor=none;align=left;verticalAlign=middle;spacingTop=-1;spacingLeft=3;spacingRight=3;rotatable=0;labelPosition=right;points=[];portConstraint=eastwest;strokeColor=inherit;" vertex="1" parent="7DaxF8sJSHXXXkoitPvN-8">
          <mxGeometry y="26" width="260" height="8" as="geometry" />
        </mxCell>
        <mxCell id="7DaxF8sJSHXXXkoitPvN-17" value="Use" style="endArrow=open;endSize=12;dashed=1;html=1;rounded=0;" edge="1" parent="7DaxF8sJSHXXXkoitPvN-8">
          <mxGeometry width="160" relative="1" as="geometry">
            <mxPoint x="-25" y="29.379999999999995" as="sourcePoint" />
            <mxPoint x="-85" y="29" as="targetPoint" />
          </mxGeometry>
        </mxCell>
        <mxCell id="7DaxF8sJSHXXXkoitPvN-11" value="-&amp;nbsp;returnWinner(string p1, string p2, string p3): int&lt;br&gt;-&amp;nbsp;battle_simulator(Pokemon fighter1, Pokemon fighter2): int" style="text;strokeColor=none;fillColor=none;align=left;verticalAlign=top;spacingLeft=4;spacingRight=4;overflow=hidden;rotatable=0;points=[[0,0.5],[1,0.5]];portConstraint=eastwest;whiteSpace=wrap;html=1;" vertex="1" parent="7DaxF8sJSHXXXkoitPvN-8">
          <mxGeometry y="34" width="260" height="62" as="geometry" />
        </mxCell>
        <mxCell id="7DaxF8sJSHXXXkoitPvN-16" value="Use" style="endArrow=open;endSize=12;dashed=1;html=1;rounded=0;" edge="1" parent="1">
          <mxGeometry width="160" relative="1" as="geometry">
            <mxPoint x="610" y="80" as="sourcePoint" />
            <mxPoint x="910" y="80" as="targetPoint" />
          </mxGeometry>
        </mxCell>
      </root>
    </mxGraphModel>
  </diagram>
</mxfile>
